{
  "components": {
    "tops": {
      "T-Shirts": [],
      "Hoodies": [],
      "Jacken": [],
      "Anzüge": [],
      "Mäntel": []
    },
    "undershirt": {},
    "torso": {},
    "pants": {
      "Jeans": [],
      "Shorts": [],
      "Anzughose": [],
      "Jogger": []
    },
    "shoes": {
      "Sneaker": [],
      "Business": [],
      "Boots": []
    },
    "accessory": {},
    "bags": {},
    "armor": {},
    "decals": {},
    "mask": {}
  },
  "props": {
    "hat": {},
    "glasses": {},
    "ears": {},
    "watch": {},
    "bracelet": {}
  }
}