{
  "components": {
    "tops": {
      "id": 11,
      "label": "Oberteile",
      "sub": [
        "Alle",
        "T-Shirts",
        "Hoodies",
        "Jacken",
        "Anzüge",
        "Mäntel"
      ]
    },
    "undershirt": {
      "id": 8,
      "label": "Unterhemden",
      "sub": [
        "Alle"
      ]
    },
    "torso": {
      "id": 3,
      "label": "Torso/Arme",
      "sub": [
        "Alle"
      ]
    },
    "pants": {
      "id": 4,
      "label": "Hosen",
      "sub": [
        "Alle",
        "Jeans",
        "Shorts",
        "Anzughose",
        "Jogger"
      ]
    },
    "shoes": {
      "id": 6,
      "label": "Schuhe",
      "sub": [
        "Alle",
        "Sneaker",
        "Business",
        "Boots"
      ]
    },
    "accessory": {
      "id": 7,
      "label": "Accessoires",
      "sub": [
        "Alle"
      ]
    },
    "bags": {
      "id": 5,
      "label": "Taschen",
      "sub": [
        "Alle"
      ]
    },
    "armor": {
      "id": 9,
      "label": "Weste/Decals",
      "sub": [
        "Alle"
      ]
    },
    "decals": {
      "id": 10,
      "label": "Decals",
      "sub": [
        "Alle"
      ]
    },
    "mask": {
      "id": 1,
      "label": "Masken",
      "sub": [
        "Alle"
      ]
    }
  },
  "props": {
    "hat": {
      "id": 0,
      "label": "Hüte",
      "sub": [
        "Alle"
      ]
    },
    "glasses": {
      "id": 1,
      "label": "Brillen",
      "sub": [
        "Alle"
      ]
    },
    "ears": {
      "id": 2,
      "label": "Ohren",
      "sub": [
        "Alle"
      ]
    },
    "watch": {
      "id": 6,
      "label": "Uhren",
      "sub": [
        "Alle"
      ]
    },
    "bracelet": {
      "id": 7,
      "label": "Armbänder",
      "sub": [
        "Alle"
      ]
    }
  }
}